y_true,y_prob
1,0.9999991915130715
1,0.9999994804089332
1,0.9999972171752199
1,0.9999999518241641
1,0.9999992826812384
1,0.9657656419382648
1,0.9999998492132939
1,0.9999998505889872
1,0.9999995981635417
1,0.8354156137088723
1,0.9928474023431602
0,0.0007527606161549796
0,0.010269390370907953
0,2.938359758721236e-05
0,4.813710027500995e-06
0,7.808912694696351e-07
0,3.424604048933299e-05
0,1.365844847163399e-05
0,1.1514722643379696e-07
0,6.62591545028059e-09
0,1.5418434912955781e-07
0,0.00012547324217121437
0,4.5284764263013216e-06
0,0.0006184145977438464
0,1.720304071200055e-11
0,0.0012933876536433708
0,7.926861279466077e-07
0,0.0009464677371880289
0,1.8234405100583006e-07
0,3.7940055248916567e-07
0,2.9740487542477093e-05
0,1.4187733455233127e-07
0,2.2062623882392777e-08
0,1.0105980150069566e-05
0,0.00014443422640505386
0,3.608327919445619e-05
0,1.6846768837336567e-05
0,5.457632027684776e-06
0,5.445124366444272e-06
1,0.9999998988967012
0,5.190131908840778e-07
1,0.9999993335677881
0,4.287479213948164e-07
0,2.4463356970365174e-09
0,4.130127514069785e-09
0,4.706809024048341e-10
0,3.3882245845038295e-09
0,8.547441748762769e-08
0,5.119151048421469e-08
1,0.9999799094981782
0,3.191636830391105e-07
0,4.910099721910108e-10
0,2.2227887680741463e-06
0,4.584368721111988e-09
0,2.1626177818258727e-09
0,1.4290307847911572e-09
0,2.908216291508119e-09
0,5.629677903751819e-08
0,1.282218650766214e-08
0,1.3574984864225414e-07
0,7.969048153434406e-09
0,1.0980344520011608e-09
0,3.564536999192633e-09
0,1.8424369230109752e-05
0,1.4265938124542223e-09
0,2.1712335314552613e-09
0,1.1383219642020056e-08
0,6.508959103462718e-09
0,1.5286353279316732e-09
0,2.106866002806362e-07
0,7.675022124453857e-07
0,3.372514122083417e-11
0,1.8503460274709528e-08
0,6.746551713282478e-08
0,4.287452195044219e-06
0,5.419819126849369e-09
0,2.6774295315936004e-08
0,3.4978308591997816e-09
0,7.898081983838623e-10
0,1.5352421776368933e-10
0,2.2888683984007743e-10
1,0.9999987881323358
0,5.570048385729296e-07
0,3.027322434199652e-08
1,0.9999987869757875
0,1.3895708645731892e-08
0,2.407485388455005e-10
0,8.247639548100091e-11
0,1.3013357907013259e-06
0,3.3515072399151274e-09
0,2.5705659950996986e-09
0,9.064039084737381e-09
0,4.179675782298803e-09
0,4.756078765469375e-10
0,6.570496953532624e-11
0,4.029242639191995e-12
0,1.5188724904576671e-09
0,3.203191201864824e-06
0,5.008761840282086e-09
0,1.883518066370548e-11
0,6.122575369047987e-11
0,1.7685550542788994e-09
0,2.478464954081736e-06
0,1.5834250439454751e-10
0,4.143264224468033e-09
0,1.2661620212447547e-08
0,1.2585511119839866e-09
0,2.069404016756751e-08
0,1.7740589827008692e-09
0,7.490013942900628e-09
0,2.4142117555684146e-08
0,3.746792491620123e-11
0,2.833245994789021e-11
0,3.849443033988428e-09
0,1.0854191811416839e-06
0,2.8719879136228725e-08
0,2.386249347807675e-06
0,2.9993282197853226e-11
0,1.5616861745152323e-09
0,2.7555095229459416e-11
0,4.77985150060889e-08
0,1.2058782033555532e-08
0,7.529934990206837e-10
0,5.719201818923958e-11
0,9.747064056437513e-09
0,2.596630941151343e-08
0,3.385223754267563e-09
0,4.1108459374822234e-10
0,1.762152088435483e-08
0,1.8653134310719328e-10
0,2.408183375789698e-09
0,1.7151473220738003e-06
0,1.914926262661385e-05
0,1.9111992039966078e-10
0,4.393252662974846e-09
0,1.8154928817079526e-10
0,1.7536955646911837e-09
0,1.708682103322687e-10
0,6.75843615677207e-10
0,1.9094297402012527e-10
0,8.303681144802989e-06
0,7.055800682550847e-12
0,4.894276259848365e-06
0,6.260393236178818e-11
0,3.333476610561874e-07
0,9.32846593061099e-10
0,1.7826248530271795e-07
0,1.5396485982201228e-08
0,3.398505375592431e-11
0,2.837819436293591e-09
0,1.160229066885708e-07
0,9.408840374612762e-10
0,3.1226689820221656e-10
0,2.9065676499188983e-11
0,7.993314877815174e-11
0,1.2567644712648394e-08
0,2.3951332761530366e-06
0,5.072759731218085e-06
0,1.739920925976808e-07
0,9.393291730221016e-07
0,1.8223922489058558e-11
0,1.9475588585540132e-07
0,2.1371184047547552e-10
0,5.5404668645168046e-11
0,1.0162855055608586e-06
0,6.568170097494044e-10
0,5.922302625670491e-06
0,1.842683058902859e-11
0,2.0332667616521977e-10
0,2.0113120579952825e-10
0,9.564159814635959e-09
0,1.3402456843501678e-05
0,7.400782549656957e-10
0,5.41749496329315e-07
0,1.456090559225349e-08
0,8.389378042867795e-10
0,3.2039687697190904e-09
0,3.9410650265720915e-09
0,4.217882693673283e-09
0,8.220092698450093e-10
0,2.0557151088475075e-06
0,1.8808947303753849e-06
0,3.2480351119423784e-08
0,7.573028449868044e-09
0,9.151447876434244e-08
0,5.590644008433425e-07
0,3.1022110937233493e-11
0,1.6297213799556124e-06
0,1.0269766254772698e-09
0,4.936342481372107e-11
0,3.887343882085786e-09
0,4.047864322745883e-07
0,6.104417391568306e-09
0,5.440524534381403e-09
0,6.6262580816718e-08
0,1.8732051076917373e-08
0,1.0475883515186424e-06
0,5.5627088743068105e-06
0,6.680754937616095e-09
0,6.789110966065165e-12
0,8.811598535524438e-07
0,3.85536760809324e-06
0,3.152926695690682e-08
0,1.8000632330601646e-08
0,6.384083684129645e-08
0,6.402944600665643e-09
0,8.20191068358324e-11
0,1.0976614607560981e-10
0,2.9947263584384e-10
0,5.427414374661895e-09
0,2.415582661173303e-06
0,9.659458698196256e-11
0,8.198994028538223e-09
0,1.3498561390755352e-10
0,4.206508896158742e-09
0,1.4823482333435621e-10
0,1.0364981305730627e-07
0,3.792560501376513e-08
0,1.442297060518597e-09
0,1.0084289138809494e-05
0,1.3168542619136296e-09
0,3.0213726463836323e-06
0,1.3717173017739112e-07
0,1.6782180974454723e-08
0,7.143672379567574e-07
0,9.166918151149286e-09
0,3.873199685924901e-09
0,1.7507860630138593e-08
0,1.8610310002640551e-09
0,4.379570909241721e-06
0,1.7757579842281252e-08
0,3.1268074881618195e-09
0,1.9333344806944267e-06
0,1.4605996688265702e-07
0,3.483426438080263e-10
0,4.693391777442735e-08
0,3.463293189127312e-11
0,9.145733477862361e-06
0,1.1381386496998508e-09
0,1.4090176677524828e-07
0,1.8639288376737493e-11
0,1.1924722875754888e-07
0,2.8930089876892885e-11
0,9.258782965646962e-09
0,3.9304568885664377e-07
0,1.2103212397702723e-09
0,2.7223327243391456e-08
0,3.8978246280733104e-05
0,2.4003034905280296e-05
0,1.229933988492775e-07
0,1.018980435997534e-08
0,6.220546345626072e-10
0,4.508414061621949e-05
1,6.37478297622744e-08
0,0.0006195791005511364
0,1.3281347137716864e-05
0,4.354382907422493e-09
0,1.0329722916909325e-06
0,4.2647978302215535e-06
0,1.765589319962051e-08
0,2.4694186537091557e-07
0,1.557064165014914e-10
0,6.222325165738453e-06
0,3.683867461394122e-07
0,0.0017613056859228711
0,4.487077320455316e-06
0,2.0469315886391542e-09
0,2.505834767812003e-08
0,4.818795657021517e-10
0,2.3270016171413503e-08
0,3.03006407939152e-08
0,4.273114598526441e-08
0,1.2063137141052648e-06
0,1.855979265991852e-08
0,5.3091291585823616e-08
0,1.761640417470238e-06
0,2.88677275891251e-08
0,2.8444022462296075e-06
0,0.00015920939842838067
0,2.8880890610715765e-08
0,1.0196655587553513e-06
0,8.73503178237245e-08
0,8.727923262122159e-07
0,4.096477476642212e-05
0,5.1127766710722375e-09
0,4.329493409728443e-06
0,1.1448220748134672e-06
0,6.104689701716876e-07
0,1.0047642956465899e-06
0,2.310793069859077e-10
0,5.957087541831078e-07
0,5.271769144217364e-08
0,1.435254918149871e-08
0,6.724263726198735e-06
1,0.9999928406391203
0,5.245768390000398e-06
0,1.3101692944913034e-06
0,7.775804560050666e-08
0,1.9594333584939547e-07
0,1.400267713216683e-08
0,1.5081536937477344e-09
0,3.555898294337688e-09
0,9.552323001112942e-08
0,7.321440770305273e-09
0,6.265483544067942e-05
0,1.3562633254326698e-06
0,9.020112449640435e-07
0,2.76136837830937e-06
1,0.9999107858335137
0,9.25910066946206e-09
0,5.46241420982248e-06
0,4.072670530122236e-08
1,0.9999986711481404
0,2.280310021151535e-09
0,1.492549015686251e-08
0,3.946967974139278e-09
0,1.1819431345876442e-06
0,5.874883149423223e-06
0,4.671176624108024e-06
0,5.210250281403868e-08
0,1.2741676900997087e-07
0,2.0735099786453976e-05
0,8.710151543413203e-09
0,1.0505270284889776e-10
0,6.101963805854688e-09
0,5.1288440591891e-07
0,1.9616906388860378e-08
0,3.242568101865163e-08
0,1.5138373257393817e-08
0,4.033131097030746e-05
0,0.00015377239211200293
0,5.158757003833441e-10
0,1.0539820630161045e-06
0,4.772658224514185e-07
0,5.576600770247894e-09
0,8.015060963215871e-10
0,3.965355569028182e-06
0,1.0797568546400111e-05
0,1.9480738728572326e-06
0,1.3223380469942833e-09
0,5.144977755426678e-09
0,4.892756566181773e-06
0,7.221015832559536e-06
0,0.00013108316567131225
0,2.799792025883068e-05
0,2.6749744639222472e-08
0,1.8493257329595487e-09
0,1.7630361274674677e-09
0,2.0014294096579246e-07
0,3.900857391563004e-06
0,6.92090481182596e-10
0,1.569744992201433e-07
0,2.3776017293015925e-07
0,5.249403026444878e-09
0,5.59440652117696e-05
0,2.473774960475047e-06
0,8.63624473657615e-10
0,2.1666847706208134e-08
0,7.906464070784649e-05
0,2.5802655914758385e-09
0,3.1834519924476755e-08
0,1.9938769922962316e-06
0,6.172116882241907e-05
0,2.3416919028237205e-07
0,5.0398430724733975e-09
0,1.2455486173102074e-08
0,2.635638061208014e-06
0,5.177549744053376e-06
0,1.9318745135924843e-08
0,6.520072872138838e-06
0,5.187568047871409e-10
0,5.867586489988822e-07
1,0.9999688045464326
0,1.5004945409036103e-09
0,2.0536843389893404e-07
0,1.1583255027489361e-06
0,2.2895582373556928e-07
0,3.399587153890283e-07
0,8.188896196008576e-07
0,6.552397352276087e-09
0,4.4202660758763566e-09
0,2.613778886934653e-07
0,1.054714999673014e-06
0,1.738938592753561e-07
0,2.5296278078005923e-06
1,0.9999995924062444
0,1.2030890158863893e-08
0,4.9764797016516035e-06
0,2.119806534874745e-08
0,2.0764310913696875e-07
1,0.9947529557262349
0,3.2838783593363796e-07
0,3.832240061275291e-09
0,1.0239029179907674e-06
0,2.3433956314925744e-08
0,8.003628720675377e-05
0,2.0701209739680867e-08
0,1.5089101103323595e-05
0,0.0001395684618458499
0,1.4381487796028847e-06
0,2.221816577074322e-08
0,1.2052664284193565e-08
0,3.2638607073169674e-06
0,1.7609872256894092e-09
0,4.877245762161152e-10
0,1.4247196828776274e-07
0,8.239192324908567e-07
0,2.799908936044483e-08
0,7.103257007973956e-08
0,6.031261907446824e-06
0,1.9329232744506265e-09
0,3.2009702925330705e-08
0,3.106204888682347e-09
0,1.1137061284708648e-09
0,4.476828388494357e-08
0,4.933923916546213e-05
0,2.3542562838358085e-06
0,3.8645452428424094e-06
0,2.376048351408641e-09
0,0.0003322977317068397
0,1.234349040010122e-08
0,5.0406817195059536e-11
0,1.7388376095891698e-10
0,7.369875235696452e-09
0,5.4028700141962845e-08
0,7.061729357657058e-09
0,6.503318519093795e-08
0,5.1494190677519855e-08
0,2.2770269712419855e-09
0,2.8976545006001694e-08
1,0.9999996447313181
0,2.3300168584987005e-09
0,8.383727114192887e-06
0,8.494221011276785e-07
0,3.076323148581701e-09
1,0.999141042371066
0,6.070512251664502e-07
0,1.1575319792675179e-07
0,1.5213974613138563e-07
0,2.533578459952489e-09
0,2.425880772742121e-06
0,3.738302165730602e-09
0,4.519691233691071e-07
0,1.4940885921687717e-09
0,1.2796581012324395e-09
0,2.5038283798593334e-07
0,2.9840070058403045e-10
0,2.489718060723612e-09
0,6.539653293318726e-11
0,5.028156761154524e-08
0,4.366893805129736e-07
0,3.0694169972275236e-06
0,2.5091770651664857e-09
0,1.2390406404903616e-09
0,3.993399911053022e-10
0,1.3156264158613028e-09
0,1.6154269253031002e-07
0,8.638899425784156e-09
0,3.7927145255283676e-08
0,1.5462896219906742e-10
0,2.17093338454651e-09
0,1.8922097719507167e-08
0,4.457205601292396e-07
0,3.2569428964599534e-09
0,3.2242894444819034e-10
0,1.8874704182333702e-07
0,2.6124580725513788e-08
0,4.115665221968258e-09
0,2.4536484340966185e-09
0,2.159719928635511e-10
0,2.80838749604286e-07
0,1.4962322655249597e-10
0,3.3707184894471966e-10
0,8.26431366828165e-09
0,1.221287708284085e-08
0,7.672671478717385e-08
0,1.412093660781658e-10
0,1.6737860632315647e-07
0,4.046095046592176e-10
0,1.6834317329429675e-10
0,1.8817080552512618e-07
0,4.2099683452792405e-10
0,1.7902400720043836e-10
0,3.3594987514837017e-09
0,1.4680777333123765e-08
0,1.5038573508307201e-09
0,3.1097642377522654e-09
0,3.466325243545791e-08
0,1.8440925311603498e-09
0,1.7251891848456592e-09
0,1.4861877487813054e-08
0,3.8105241246712374e-10
0,4.915557725323306e-10
0,1.16462346800318e-09
0,5.362659486604491e-10
0,6.186621360688457e-09
0,5.564438460386222e-09
0,3.831777009484595e-09
0,5.2088778969360355e-11
0,4.740810387247507e-10
0,0.005122870326931185
0,1.0287587910120805e-06
0,2.4778662179016198e-09
0,3.3375117843111305e-07
0,1.932631001826245e-11
0,3.0160837010588707e-09
0,1.0515013476219552e-05
0,6.383107656920931e-10
0,1.1792410006014927e-08
0,6.774571715495723e-11
0,1.985711828549681e-09
0,7.162868792131929e-11
0,7.545529637433786e-08
0,6.719624892671267e-11
0,8.339921771056261e-09
0,1.4748358694046326e-10
0,3.499441625329642e-09
0,4.8119130638036816e-08
0,2.3360782020554267e-08
0,2.6533917901710724e-10
0,1.0444165712555456e-08
0,8.68461826969219e-07
0,1.6635102123194417e-08
0,2.6003788533392025e-09
0,1.6650099641544642e-07
0,4.341455380435677e-08
0,9.993086012368491e-11
0,0.1740055496805342
0,3.270689133828983e-06
0,2.191408393357167e-09
0,7.295501399579065e-08
0,1.7838089809887248e-07
0,5.65861493536069e-11
0,8.20966037234912e-09
0,0.00012033184011801081
0,5.328828639213086e-11
0,2.358855138322463e-12
0,1.5751486561445338e-09
0,8.570400746607421e-08
0,2.575539703420219e-08
0,8.327491176252653e-08
0,7.502070731589271e-07
0,6.00091805231927e-10
0,1.5406061690034868e-11
0,3.315982603092654e-06
0,7.341205307258222e-08
0,5.3118488283108404e-08
0,5.084331693285772e-10
0,2.559108411895136e-07
0,1.0386036776610308e-08
0,1.5403549173395127e-07
0,7.664137386072579e-08
0,5.15315517536929e-07
0,2.3372805883218763e-09
0,5.736698740061423e-08
0,1.9795244961833582e-10
0,9.58819891972134e-10
0,1.2458085906224845e-10
0,5.466466200335725e-10
0,9.618599106612654e-11
0,9.537052386256971e-09
0,7.448609445843969e-09
0,5.598163482162573e-10
0,1.1806297722027835e-09
0,6.004951039523475e-08
0,2.5604525131890686e-10
0,5.283654261614431e-09
0,4.773429869775252e-08
0,9.541225912156416e-10
0,1.9738457667260277e-08
0,6.556244424756166e-11
0,5.127874364030637e-11
0,1.577836927479632e-08
0,1.4209919247217917e-06
0,3.2297299370987865e-08
0,1.3589526583544183e-06
0,4.681019144874915e-10
0,1.3306572023724736e-06
0,6.503969782709216e-10
0,2.2813154672984797e-11
0,2.230000055235152e-08
0,1.0388770039697708e-09
0,4.057330392294971e-09
0,4.771207375534228e-08
0,7.629714337272173e-10
0,2.8888110041598337e-10
0,1.0391642005660936e-10
0,2.5691832009991854e-07
0,1.898102320220231e-06
0,3.8111119389309833e-08
0,3.567472947808221e-05
0,3.3679174816200436e-09
0,5.572007707133769e-07
0,3.712130858406392e-07
0,5.895559205798376e-08
1,0.9999670827999656
0,9.130029753080994e-10
0,4.3569148035401655e-07
0,2.1389114406208597e-08
0,1.543955524527804e-08
0,1.913021618103821e-06
0,1.732523832448912e-08
0,3.1450052649094014e-09
0,1.2023657682057364e-10
0,1.4427077279549723e-08
0,2.511594838256494e-10
0,2.2254977387153266e-09
0,2.3845323271663046e-06
0,4.938021276972261e-07
0,2.092788461377109e-09
0,6.556071998880709e-08
0,2.5662960435017427e-10
0,3.2344772804756817e-06
0,4.7627251424014e-08
0,6.316489322050665e-05
0,1.247856079001519e-09
0,1.4842433182168727e-09
0,1.3314617688971037e-06
0,3.867408844790745e-09
0,6.226482182886592e-10
0,8.501696377780278e-10
0,9.879745247589745e-10
0,4.832356243459524e-10
0,5.1581074383952016e-08
0,8.564024792833572e-08
0,2.196145775355034e-08
0,4.200279525002382e-10
0,2.7318881107667168e-06
0,7.768620339481627e-12
0,0.00014334737804039691
0,1.4686817806357986e-08
0,2.1729827404408746e-07
0,2.2320553419029734e-09
0,2.6471644549157356e-08
0,2.962250201336168e-09
0,4.980017822951602e-09
0,5.310282819207069e-07
0,3.189344078359069e-08
1,0.999981525261622
0,7.696537161271872e-10
0,7.442901480169039e-11
0,3.893482698761197e-10
0,2.8245969959163076e-09
0,2.7571309415357924e-09
0,5.572341374489332e-11
0,1.9188575775006685e-09
0,1.735906266580732e-07
0,5.272584548841044e-08
0,4.468796213609137e-09
0,3.177124712772239e-09
0,7.524643443290189e-11
0,2.259908399765138e-06
0,1.8821021900952453e-09
0,3.644248584303018e-08
0,2.5126784476991896e-06
0,5.806701564889141e-08
0,4.8378185402870695e-08
0,7.075500363800602e-07
0,7.790006383227321e-09
0,4.4299957021261963e-07
0,8.23465908936113e-08
0,1.2435347430608493e-08
0,8.431139193338139e-08
0,1.5257686503190665e-08
0,4.6947567670056843e-07
0,2.4128584355086856e-08
0,1.7639568385592582e-07
0,1.3576642410647877e-09
0,6.424811741992876e-11
0,2.941457953076252e-11
0,4.497608556419972e-09
0,5.901438442815627e-10
0,1.9124422610340085e-07
0,8.153459423081502e-11
0,3.832111300787241e-08
0,7.005410438248526e-10
0,3.6760954627948625e-10
0,1.1992724798609908e-10
0,2.9974049566326823e-10
0,1.726741222242447e-05
0,8.715228148431444e-09
0,1.1041876891092092e-05
0,5.8072252892645086e-09
0,4.6780501830293767e-08
0,1.2288136461551221e-05
0,4.359804605509351e-06
0,3.408781653051024e-09
0,2.87348523479954e-07
0,6.197155161406221e-11
0,1.3396712490959133e-08
0,8.749655452965303e-08
0,1.1170524423399964e-09
0,5.401839783281165e-09
0,7.06216920969028e-06
0,4.096125368790749e-06
0,3.33031071976866e-09
0,1.961259354538632e-07
0,2.419811011224893e-08
0,2.90860478490275e-09
0,5.143146274963511e-06
0,1.1816297144629078e-07
0,6.536286385126492e-06
0,7.000682992871392e-10
0,3.941231648813371e-10
0,8.99805056697951e-08
0,3.978738798316717e-09
0,0.00040288341763318307
0,7.462467745046263e-08
0,0.0003426269070017083
0,4.072305681596712e-08
0,6.364597662730046e-08
0,1.1410204922521166e-09
0,1.3737720401010863e-05
0,2.9294345095646812e-09
0,2.1050416889496177e-07
0,1.1236701552089346e-06
0,5.759465184519562e-09
0,2.3373816178567004e-05
0,1.0914742746858823e-05
0,5.378859448229967e-10
0,7.569092836389284e-10
0,3.8431924399839075e-10
0,1.0736917159791575e-08
0,7.506584820708977e-08
0,1.3361705029066309e-08
0,1.0186942634693721e-05
0,0.0002952337030917185
0,1.8639300184710772e-07
0,3.801906152699397e-07
0,1.4839128881313865e-09
0,1.704081089276964e-09
0,1.5708895961369827e-08
0,1.0084334601832072e-09
0,5.226710127323211e-10
0,6.97349727030556e-09
0,3.075357323173681e-08
0,7.258112649873048e-09
0,3.2647717103354785e-09
0,2.4439481974512434e-07
0,1.636157353762199e-06
0,2.2952669098886022e-07
0,2.511864047748615e-10
0,6.6584529036329876e-09
0,1.4753693609050919e-08
0,1.625561420511631e-09
0,6.468145709969468e-09
0,8.126272273599388e-09
0,3.2514289305695393e-09
0,6.684812027105076e-05
0,2.8008311782118543e-09
0,2.418918213209452e-08
0,3.66457607158889e-09
0,6.832590839896252e-09
0,1.7630672169948876e-09
0,5.000721159446378e-09
0,3.886951348956722e-09
0,1.072105377126591e-09
0,8.813917226810302e-08
0,2.858756289283937e-07
0,4.0375080943556847e-10
0,5.54166619983728e-06
0,5.599785952560095e-11
0,1.271604675932876e-06
0,1.5895980620904522e-07
0,2.466640105763521e-09
0,1.2304568085854463e-08
0,1.1544074154961686e-08
0,9.327514290554362e-08
0,1.9019257079402884e-09
0,5.155273951231091e-09
0,2.5851160085195614e-09
0,7.007022171270963e-10
0,2.1883298998288212e-05
0,1.207285337855712e-08
0,4.028091311505376e-10
0,1.4494557581688932e-07
0,1.7032066227402093e-06
0,2.71291853157441e-09
0,9.025144781902231e-11
0,7.040531390119341e-11
0,9.768030903415157e-11
0,7.123083862850751e-09
0,1.9953836274236526e-07
0,4.653358929615061e-07
0,1.1244287072578285e-09
0,1.8398832420832646e-07
0,7.141468064822938e-07
0,4.640752591928526e-11
0,2.024089413488669e-11
0,2.616628892509313e-10
0,3.314273723890782e-06
0,7.38453207097071e-09
0,3.96649570188854e-07
0,8.69743003890082e-09
0,1.5673360843546458e-10
0,4.933296352063719e-08
0,5.094130973856743e-11
0,0.00012667366578008398
0,5.032914819216711e-10
0,1.9364609235484407e-11
1,0.905858192320744
0,4.766575085992626e-06
0,1.1763756784746141e-05
0,3.696322548496116e-11
0,4.38240703019681e-07
0,1.701843547044989e-08
0,3.389375316437806e-09
0,1.687840647267421e-08
0,1.5258920029063516e-07
0,3.4711064331692605e-07
0,1.1205637697011739e-07
0,2.3984086142371395e-06
0,3.113647276780456e-06
0,1.2365343570129004e-10
0,4.370135606899203e-07
0,8.87210368719186e-07
0,2.7375705280093275e-10
0,1.6594260678925104e-08
0,6.54953602831603e-09
0,5.686013568375239e-11
0,2.6743354126172738e-08
0,6.520628161765588e-07
0,3.1842764728304507e-07
0,1.3653978081521376e-08
0,2.1177711223686296e-05
0,7.043489115059089e-05
0,7.616786346020883e-07
0,9.613646206411851e-09
0,3.4604878097185045e-06
0,1.847888389068433e-10
0,1.4538447054492633e-08
0,3.582622937650979e-10
0,0.00010885449800454411
0,8.391128774405134e-09
0,3.97193357625079e-05
0,3.233516272342174e-10
0,1.9364436875596398e-10
0,9.572191309189836e-11
0,9.464252134239797e-09
0,4.1661694802409155e-11
0,1.731205381972561e-07
0,7.048378620092882e-08
0,2.1141942877634906e-10
0,2.8007784523530067e-10
0,7.746531315893912e-11
0,2.1394291103424682e-10
0,7.92922394014663e-09
0,7.426534766713088e-08
0,6.109918430109058e-10
0,1.4343987381708316e-10
0,2.064366522511374e-06
0,1.387184809204497e-08
0,4.543192447810443e-09
0,1.0927911948463975e-09
0,3.259334361793679e-10
0,3.633990614664191e-09
0,1.2416147363559646e-10
0,4.4444978385190704e-09
0,3.784662974230221e-08
0,1.882593726851158e-07
0,7.440307969685889e-08
0,8.33557024727198e-07
0,1.3741934540365653e-09
0,4.536357967539753e-06
0,2.7038561964952695e-09
0,2.7098944086200957e-08
0,2.273102437816177e-09
0,2.8424845633812884e-06
0,1.0566798220556916e-07
0,1.2680359425358353e-09
0,6.138570446807169e-08
0,1.7958470293299816e-09
0,3.071788107584514e-07
0,1.7209464438943512e-10
0,2.2334285647596295e-09
0,5.862644900178781e-08
0,1.671647561565829e-08
0,5.31022524565835e-09
0,1.0577899695590618e-08
0,8.627108044472835e-07
0,2.6697539029091325e-10
0,1.2689959031213363e-07
0,5.876273435001246e-09
0,1.4543386873012395e-08
0,1.0344256365541015e-07
0,4.586236198285198e-08
0,7.839799785570539e-10
0,3.544446917757345e-08
0,5.293327886360859e-09
0,8.250961498180253e-11
0,7.68104444736326e-08
0,7.223462681286386e-10
0,3.430098037339839e-08
0,1.2093172037799191e-09
0,3.8912090215385576e-08
0,1.5286094790187813e-06
0,1.7804712881004804e-07
0,1.2225985479890247e-10
0,3.5070692852584937e-10
0,6.870555455068117e-10
0,6.0862385000495e-11
0,1.0694676173764449e-09
0,3.072299699441315e-11
0,3.1545449812392514e-09
0,1.734169170074732e-08
0,2.1277204626101825e-10
0,7.043381944172116e-09
0,1.0633573071211138e-07
0,0.00027725172161241745
0,3.991492724320337e-08
0,3.265304514528239e-07
0,6.221332652474167e-08
0,1.691085737262633e-08
0,4.086703549153113e-09
0,7.94878501100429e-10
0,6.707532185165142e-09
0,3.6932581112531e-11
0,5.454012233958503e-08
0,3.927110977915528e-09
0,6.47270102340581e-10
0,1.8632778347839782e-09
0,3.57113321126271e-11
0,3.6056956059035005e-10
0,1.7698823133703678e-11
0,9.580378103715676e-11
0,1.3080739297508452e-10
0,3.954819389879894e-11
0,3.079375035765384e-09
0,0.006000096721705951
0,2.8938391300499732e-06
0,3.2247345253488594e-06
0,4.51312064600386e-09
0,4.3987193073057836e-08
0,7.439169239098343e-07
0,8.141211016538072e-06
0,1.0305797653650564e-07
0,1.0238232645246016e-11
0,1.05461695631563e-09
0,1.309972571852509e-08
0,6.030210237880937e-10
0,5.330800222378678e-06
0,1.8088617356449056e-06
0,1.3826778131493647e-06
0,1.9304405454111332e-07
0,2.919127882897073e-07
0,1.4643628596534027e-08
0,6.9142551781182176e-09
0,7.036751909939572e-05
0,4.288711151881855e-09
0,1.5742356412105048e-07
0,1.8823368671577614e-10
0,1.576717697499304e-09
0,4.371568131743999e-09
0,1.8807203259918495e-08
0,1.962253689157067e-08
0,5.082160700418958e-09
0,6.886576979962687e-10
0,2.763667072313556e-10
0,1.7614671643781992e-10
0,6.581177936262905e-08
0,2.8306783056283837e-08
0,2.102828063767769e-05
0,1.194661029594851e-07
0,1.1209585383504356e-10
0,4.524303448884275e-09
0,4.526976684870072e-11
0,1.3633863112666277e-05
0,0.00011276173647900503
0,2.2355160906520482e-06
0,1.6518159604619795e-09
0,8.584656432733998e-11
0,8.923222838449668e-07
0,3.7804571489205327e-07
0,1.3351249859407023e-09
0,1.371269119154149e-10
0,2.597359364760532e-08
0,3.746599605454485e-10
0,7.657622256352434e-09
0,5.682699478844994e-10
0,3.739148674517362e-09
0,1.3891456243491809e-09
0,3.6196136590004855e-08
0,1.4477598854266155e-09
0,5.56793868250329e-09
0,1.3251751920572735e-09
0,4.631886789330635e-08
0,1.4199400496880648e-06
0,5.536441762439761e-09
0,1.3085969237151644e-09
0,1.189456867299192e-09
0,3.7473243834554055e-09
0,1.517049603803341e-08
0,3.868958871379432e-09
0,7.529419567757636e-10
0,9.668585655730782e-08
0,6.440977222501115e-09
0,7.566694468466227e-08
0,1.0509030097985128e-09
0,1.3538945776228585e-08
0,1.4334794059288233e-08
0,3.2134731649735164e-08
0,9.856001844014785e-07
0,2.8604567508078026e-06
0,3.607198527664473e-10
0,5.3900629427264e-09
0,6.235469439467465e-08
0,3.5933211238307465e-08
0,7.827010224556831e-08
0,3.327860847088975e-07
0,2.4402872555303413e-10
0,1.0798901291467886e-06
0,9.50523445692724e-08
0,4.519367629389546e-09
0,2.379750973832237e-10
0,8.916950162042679e-08
0,8.856869867116578e-10
0,1.795200659820912e-10
0,2.2180241590216597e-06
0,1.39655391932465e-09
0,6.981175663836819e-11
0,1.0325331157437691e-11
0,6.0050906252191e-08
0,8.850245695375213e-07
0,1.853190332927617e-06
0,3.0041047868790084e-06
0,1.9785019064371388e-08
0,5.609962371215134e-05
0,1.849021182331023e-08
0,7.039899256529183e-08
0,1.0509124738592278e-09
0,1.813844803706684e-09
0,3.472903033528101e-11
0,0.0005425524688978803
0,3.112618090861444e-10
0,2.818140990493654e-10
0,2.1160049736335516e-08
0,2.3268428077744745e-07
0,1.9503781978583006e-06
0,1.5599038123599378e-09
0,5.7976145570826976e-11
0,1.9215460236925307e-05
0,5.957217228860408e-08
0,1.1834684908234776e-10
0,2.7100201355644304e-10
0,3.248751240748309e-07
0,0.013907062777121003
0,6.32118557119592e-10
0,2.1828777361149452e-07
0,8.189875468448519e-08
0,9.324809925707038e-10
0,1.1920156808792691e-07
0,2.154612356144788e-07
0,8.87597187447242e-08
0,1.6767193759331532e-09
0,4.1812698562061e-08
0,2.0050717203159115e-07
0,3.343720783905681e-09
0,3.3404030380762957e-06
0,2.1195222546725675e-08
0,1.1552656581984042e-07
0,7.721905034846123e-11
0,2.740162834319025e-10
0,3.107714393839499e-10
0,7.331055413073391e-10
0,1.1447893444144209e-09
0,2.53544162280559e-06
0,4.95811235237237e-11
0,6.654183753616913e-07
0,9.932029337565393e-10
0,7.29724962360383e-08
0,9.985795708745108e-09
0,1.4471558996916283e-10
0,5.877432568141841e-10
0,6.597796856742256e-10
0,2.376837003132161e-08
0,1.3226525550033363e-07
0,2.040473258386988e-07
0,1.427410854120597e-08
0,3.7076032443181896e-10
0,3.605328348325472e-07
0,9.425781622965364e-08
0,6.138869000084422e-08
0,2.115778557439976e-06
0,7.763737706319908e-10
0,3.347762338899989e-08
0,4.626418275007896e-08
0,4.499080330271258e-08
0,4.8023880497782835e-09
0,4.061894804671576e-07
0,5.21731950522677e-09
0,2.2814538426405858e-07
0,0.0008094439334723271
0,1.5493943027661082e-09
0,4.1624042831683674e-08
0,0.0012166018970496428
0,3.192463231874043e-09
0,6.424146993240355e-09
0,1.4606936357539952e-09
0,1.3892598613704082e-08
0,4.8170355676728014e-09
0,4.506303705431557e-08
0,8.80378630994203e-08
0,0.0005021309333053492
0,2.4260931106667498e-06
1,0.09299350703170117
