{
  "folds": [
    {
      "fold": 1,
      "roc_auc": 0.9248062015503876,
      "auprc": 0.8430420711974109,
      "brier": 0.0046633620073853735,
      "thr": 0.9999107858335137,
      "f1": 0.9090909090904131,
      "precision": 1.0,
      "recall": 0.8333333333333334,
      "n_val": 221,
      "pos_val": 6
    },
    {
      "fold": 2,
      "roc_auc": 1.0,
      "auprc": 1.0,
      "brier": 0.003727753767861572,
      "thr": 0.09299350703170117,
      "f1": 0.9999999999995,
      "precision": 1.0,
      "recall": 1.0,
      "n_val": 221,
      "pos_val": 6
    },
    {
      "fold": 3,
      "roc_auc": 1.0,
      "auprc": 1.0,
      "brier": 0.00012281797445632932,
      "thr": 0.8354156137088723,
      "f1": 0.9999999999995,
      "precision": 1.0,
      "recall": 1.0,
      "n_val": 221,
      "pos_val": 6
    },
    {
      "fold": 4,
      "roc_auc": 1.0,
      "auprc": 1.0,
      "brier": 4.027767964310048e-05,
      "thr": 0.905858192320744,
      "f1": 0.9999999999995,
      "precision": 1.0,
      "recall": 1.0,
      "n_val": 221,
      "pos_val": 6
    },
    {
      "fold": 5,
      "roc_auc": 1.0,
      "auprc": 1.0,
      "brier": 1.430206800506787e-07,
      "thr": 0.9947529557262349,
      "f1": 0.9999999999995,
      "precision": 1.0,
      "recall": 1.0,
      "n_val": 221,
      "pos_val": 5
    }
  ],
  "oof": {
    "roc_auc": 0.9872452249711576,
    "auprc": 0.9666755985775932,
    "brier": 0.0017108708900052856,
    "optimal_threshold_f1": 0.09299350703170117,
    "f1_at_thr": 0.9655172413788103,
    "precision_at_thr": 0.9655172413793104,
    "recall_at_thr": 0.9655172413793104
  }
}